Model,Accuracy,Precision,Recall,F1 Score,ROC AUC
Random Forest,1.0,1.0,1.0,1.0,1.0
XGBoost,0.9995,0.9990205680705191,1.0,0.9995100440960314,1.0
LightGBM,0.999,0.9980430528375733,1.0,0.9990205680705191,1.0
